name,artist,album,URI
On My Wave,Keiynan Lonsdale,Rainbow Boy,01iaXaqUjZVsdLp2yF3OQ9
"96,000",Anthony Ramos,In The Heights (Original Motion Picture Soundtrack),0CpE5SeQkHQPYiWX0psxf4
Pessimist,Greta Isaac,Pessimist,0IkBQt9vSLLwoX0knkusSl
Girl Next Door,Alessia Cara,The Pains Of Growing,0JjJGeUbFqCRe4nKNVCAz9
Somebody Else,Alessia Cara,In The Meantime,0O9ijXvoYpXDjqhaYZtA2X
Fishbowl,Alessia Cara,In The Meantime,0QZcEmktdpeCcwIHSfpAAM
Getaway Car,Taylor Swift,reputation,0VE4kBnHJUgtMf0dy6DRmW
Wild Thing,Jasmine Cephas-Jones,Wild Thing,0WBbVvdbsIV0RsYcVoLLwT
Not Your Birthday,Allstar Weekend,All the Way,0X5p2uVpPIbHIMzyH7ky3V
Madness,Ruelle,Madness,0XVQTr58DZbLUcjacnTp8k
Run Boy Run,Woodkid,The Golden Age,0boS4e6uXwp3zAvz1mLxZS
Blackout,Anthony Ramos,In The Heights (Original Motion Picture Soundtrack),0e2SZBDwY2ods2rkb84nmW
"Kingdom Dance - From ""Tangled""/Score",Alan Menken,Tangled,0jkGkwy510cvhy0jYPFme4
willow,Taylor Swift,evermore,0lx2cLdOt3piJbcaXIV74f
Out Of The Woods,Taylor Swift,1989,0qUnBLZ8bJqUNEeQgayL9t
champagne problems,Taylor Swift,evermore,0sY6ZUTh4yoctD8VIXz339
Boys Will Be Boys,Dua Lipa,Future Nostalgia,0vQcyuMEfRBd21ojZ62N2L
All For Us - from the HBO Original Series Euphoria,Labrinth,All For Us,10hMM5nsZQf66ldBlgWBfG
"I Choose - From The Netflix Original Film ""The Willoughbys""",Alessia Cara,I Choose,13QIjo2iGBgl56mNDjJOet
Drama Queen,Alessia Cara,In The Meantime,13RFBaODKzfZz3bSp9RmL6
Dress,Charlotte Sands,Dress,19VgR6RNUxPlZdQm08CZIs
Not Today,Alessia Cara,The Pains Of Growing,1BGIZCaDu29MK8DsykL7Hb
I Love You Always Forever,Donna Lewis,Now in a Minute,1PEqh7awkpuepLBSq8ZwqD
Lover,Taylor Swift,Lover,1dGr1c8CrMLDpV6mPbImSI
I Love You Always Forever,Betty Who,I Love You Always Forever,1p6rk9R8SCum97WnvGNt6O
Bluebird,Alessia Cara,In The Meantime,1w1UFvNdHZZLhozS2Ysdub
Unboxing Intro,Alessia Cara,In The Meantime,1wnRsXo9tSvj60Vbc6C7A2
Bajo el mar,Michael Cruz,Canta y Cuenta: La Sirenita,23ayZRBySJIWyFrhHX7nOu
A Little More,Alessia Cara,The Pains Of Growing,2IG5I8jLFkX8tFSOUH3DzT
Yonaguni,Bad Bunny,Yonaguni,2JPLbjOn0wPCngEot2STUS
Growing Pains,Alessia Cara,The Pains Of Growing,2N6bB5ck67CNILInUX1Ctw
enough for you,Olivia Rodrigo,SOUR,2TOzTqQXNmR2zDJXihjZ2e
I'd Rather Be Me,Barrett Wilbert Weed,I'd Rather Be Me,2UNt0aiJNNXbbtSN5Aag0x
Wildflowers,Maddie Poppe,Whirlwind,2VQzy5hIet7TpNop2MSFgN
Find My Boy,Alessia Cara,In The Meantime,2rmf4QaSE174hUEObAxLpw
"Tchaikovsky: Swan Lake, Op. 20, Act II: No. 10, Scene. Moderato",Pyotr Ilyich Tchaikovsky,Tchaikovsky: Swan Lake,2xizRhme7pYeITbH1NLLGt
After Midnight,Sam Creighton,After Midnight,35AzqWrY78E3sHcb3bSZSG
Levitating,Dua Lipa,Future Nostalgia,39LLxExYz6ewLAcYrzQQyP
Sparkle - movie ver.,RADWIMPS,Your Name.,3A4FRzgve9BjfKbvVXRIFO
Keep the Beat,Lin-Manuel Miranda,Vivo (Original Motion Picture Soundtrack),3BhpY0zIbTbZt5twFz0t1P
Love Story (Taylor’s Version),Taylor Swift,Love Story (Taylor’s Version),3CeCwYWvdfXbZLXFhBrbnf
Sweet Dream,Alessia Cara,In The Meantime,3HhrQvdp1HIVluWLEgdAsV
Don't Start Now,Dua Lipa,Future Nostalgia,3PfIrDoz19wz7qK7tYeu62
Need to Know,Doja Cat,Planet Her,3Vi5XqYrmQgOYBajMWSvCi
I Choose - From The Netflix Original Film The Willoughbys / Acoustic (Bonus Track),Alessia Cara,This Summer: Live Off The Floor,3duAXBgphi9PVRSf7e1QeH
Lie To Me,Alessia Cara,In The Meantime,3vThkPv25GkMKMSnnxm3ev
Fever,Dua Lipa,Fever,3wJVBz7gvGTwTWVAxFa6ny
"I Miss You, Don't Call Me",Alessia Cara,In The Meantime,3xbiVkfxjHIpd1CVEtrJ8R
October - Live Off The Floor,Alessia Cara,This Summer: Live Off The Floor,4BS8vxpM32EVqHJ31HdUUP
A-O-K,Tai Verdes,A-O-K,4CbrNGvwVjneG8Nk9YQqMR
magic,Wrabel,one of those happy people,4Lii9KR73l6TbLPfgdrDsH
Wherever I Live,Alessia Cara,The Pains Of Growing,4MT0yNKM7GYPkRsk1Uvo7G
DÁKITI,Bad Bunny,EL ÚLTIMO TOUR DEL MUNDO,4MzXwWMhyBbmu6hOcLVD49
What's On Your Mind? - Live Off The Floor,Alessia Cara,This Summer: Live Off The Floor,4REkFwoagazUV2dW5IFqYb
Like You - Live Off The Floor,Alessia Cara,This Summer: Live Off The Floor,4SKc6fzT8WBksUFCvf4CkC
Alexander Hamilton,Leslie Odom Jr.,Hamilton,4TTV7EcfroSLWzXRY6gLv6
Out Of Love,Alessia Cara,The Pains Of Growing,4WzhjxvLP95y7AMDy0Atwb
good 4 u,Olivia Rodrigo,SOUR,4ZtFanR9U6ndgddUvNcjcG
Ready - Live Off The Floor,Alessia Cara,This Summer: Live Off The Floor,4g4IV6y4OwtkPqCN56CKr9
Nate Growing Up,Labrinth,Euphoria (Original Score from the HBO Series),4iddJAOsc6U0hJ3krSJAKn
Scars To Your Beautiful - Live Off The Floor (Bonus Track),Alessia Cara,This Summer: Live Off The Floor,4iy4hKxFBmr8Liwy4arOUQ
exile (feat. Bon Iver),Taylor Swift,folklore,4pvb0WLRcMtbPGmtejJJ6y
One Of A Kind,Juan de Marcos González,Vivo (Original Motion Picture Soundtrack),53eQ6LNW4oByJr5rOMK5wF
traitor,Olivia Rodrigo,SOUR,5CZ40GBx1sQ9agT82CLQCT
Magic (In Your Bones),Arielle Estoria,Magic (In Your Bones),5Db01SSNXowfzZgU5J4IVJ
"Symphony No. 9 in D Minor, Op.125 'Choral': Ode to Joy",Ludwig van Beethoven,Essential Beethoven,5G2RyS5wHOHh8JjLg13AnJ
momma told me imma be,Tai Verdes,A-O-K,5PwIUzy6iq3PqwhOtorDxM
Historia de un Sueño,La Oreja de Van Gogh,Lo Que Te Conte Mientras Te Hacias La Dormida,5WYDcW1n3M2AcrAh4pDI4s
Queen In Me,Jujubee,good juju : vol. 2,5XQvIZdsXk7noUB8msfXhk
Benny's Dispatch,Leslie Grace,In The Heights (Original Motion Picture Soundtrack),5ZTuSZiQfauqYcGt3rVaV2
Mind Over Matter,Anthony Ramos,The Good & The Bad,5j3JNky4IeCdbZSlHFzV7A
Middle Ground (feat. CHIKA),Alessia Cara,In The Meantime,5nGpC4ho50ESHj30ocN3sV
1-800-273-8255,Logic,Everybody,5tz69p7tJuGPeMGwNTxYuV
drivers license,Olivia Rodrigo,SOUR,5wANPM4fQCJwkGd4rN57mH
Shapeshifter,Alessia Cara,In The Meantime,60O0pUJdobzFB11e88Y9m1
Out Loud,HRVY,Four Weddings And A Funeral,60osniAFR9op7mvLOGLluc
Too Young To Grow Old,Lxandra,Another Lesson Learned EP,69iEaUoWMcAD0ylH4xOCZC
Me Vieron Cruzar,Calle 13,MultiViral,6CLdnyg83r7ZRjLhiSykyK
Formula,Labrinth,Euphoria (Original Score from the HBO Series),6EtKlIQmGPB9SX8UjDJG5s
deja vu,Olivia Rodrigo,SOUR,6HU7h9RYOaPRFeh0R3UeAr
Still Don't Know My Name,Labrinth,Euphoria (Original Score from the HBO Series),6N22FZs2ZhPBYi3b9XPajV
Romeo,Bryce Xavier,Romeo,6OXpmcHpzujlB1xrrPCqdc
brutal,Olivia Rodrigo,SOUR,6SRsiMl7w1USE4mFqrOhHC
Nobody’s Keeping Score,Cyn,Mood Swing,6W8GLmGFgO11Jb2sPshXN4
Fake ID (feat. Gretchen Wilson),Big & Rich,Greatest Hits,6ZKfUOJCGvkogfjcc4Kkvc
How Far I'll Go,Auli'i Cravalho,Moana,6mb6lVLNrcUgLnEN8QnDJd
Forever,Labrinth,Euphoria (Original Score from the HBO Series),6potEImiklXkwD9qFzpu15
Pilot with a Fear of Heights,Felicity,Pilot with a Fear of Heights,72XFWgmIuW2i5uKUbhpQWt
Take Me There,Delta Rae,The Light,7786b8JD4nmbQHSKvAMwqQ
Carnaval Del Barrio,Daphne Rubin-Vega,In The Heights (Original Motion Picture Soundtrack),7D0Ntx3LMFMPNtSViJLS4D
Wait for It,Leslie Odom Jr.,Hamilton,7EqpEBPOohgk7NnKvBGFWo
Box In The Ocean,Alessia Cara,In The Meantime,7bhR82JEE9bcX8iphymGme
Trust My Lonely,Alessia Cara,The Pains Of Growing,7eXT7U3FKrOM88xr1DsNwc
When A Girl,CARYS,To Anyone Like Me,7jpcFYI4AEimC0kkFwMiJX
thank you anxiety,Avenue Beat,thank you anxiety,7kyVPWXR3v2q1AOkGpS3ZD
Rooting For You - Live Off The Floor,Alessia Cara,This Summer: Live Off The Floor,7lqXJF0MwuVpCFJlVS0rFX
In The Heights,Anthony Ramos,In The Heights (Original Motion Picture Soundtrack),7oMr1IBlYwnb1jZh6of8kN
Non-Stop,Leslie Odom Jr.,Hamilton,7qfoq1JFKBUEIvhqOHzuqX
Solar Power,Lorde,Solar Power,7s2kWabRM60W9I61HpKg8C
Sleep When I'm Dead,These Girls These Boys,Sleep When I'm Dead,7wk5iPF7Fi0pG1QuObKVv5
Something Big,Shawn Mendes,Handwritten,060xmC5Tr7AVfT1ew9OHSB
Sin Contrato (feat. Fifth Harmony),Maluma,Sin Contrato (feat. Fifth Harmony),09S64DUkxIX9EwIaULu6yN
Shoot to Thrill,AC/DC,Back In Black,0C80GCp0mMuBzLf3EAXqxv
A Sky Full of Stars,Coldplay,Ghost Stories,0FDzzruyVECATHXKHFs9eJ
Born To Be Wild,Krokus,Hoodoo,0H8iyBZDnWYgwVNAOcLiah
History,One Direction,Made In The A.M.,0HMjXBAZmSYOTTi33WpMso
Fanática Sensual,Plan B,Love & Sex,0M7RbpMsKOye5oKfukZst0
$,Ty Dolla $ign,Campaign,0Nj06bmr9Ec26i4bZiQQ9E
Overdose,Little Daylight,Hello Memory,0RDobfQ4AtlQ4EBKkiQkln
I'll Show You,Justin Bieber,Purpose,0SNIAtRCPVVLoGEPcuHSIc
Write On Me,Fifth Harmony,7/27,0UnhE0UhBTBwtnzEXzP0it
What Now,Rihanna,Unapologetic,0aUWfpD3PlSv3FTTKcT2rN
This Is What You Came For (feat. Rihanna),Calvin Harris,This Is What You Came For (feat. Rihanna),0azC730Exh71aQlOt9Zj3y
I Can Be Somebody (feat. Erin McCarley),Deorro,I Can Be Somebody (feat. Erin McCarley),0sxvPuybHVMwEvCSfbJDM6
BO$$,Fifth Harmony,Reflection,1COvXs6jaykXC73h9OSBVM
Photograph,Ed Sheeran,x,1HNkqx9Ahdgi1Ixy2xkKkL
Tenerife Sea,Ed Sheeran,x,1HbcclMpw0q2WDWpdGCKdS
Carnaval,Maluma,PB.DB. The Mixtape,1VG7hlZpY73n8h8NgidVTh
Pride,American Authors,What We Live For,1aGECHpgySxBAcLBBMyxlC
YOUTH,Troye Sivan,Blue Neighbourhood,1cOyWWUr3oXJIxY0AjJEx9
Get Ugly,Jason Derulo,Everything Is 4,1dl3vuXJS9anUXE7XnNP75
Find You,Zedd,Divergent: Original Motion Picture Soundtrack,1gpF8IwQQj8qOeVjHfIIDU
I'm with You,Avril Lavigne,Let Go,1jlG3KJ3gdYmhfuySFfpO1
Go Big Or Go Home,American Authors,What We Live For,1obisQNOcikRvTdStbW3pG
You & Me (feat. W. Darling),Bassnectar,Noise vs Beauty,21QQ5b9PP7GnWl2GI98kjD
In The Night,The Weeknd,Beauty Behind The Madness,25KybV9BOUlvcnv7nN3Pyo
Break a Sweat,Becky G,Break a Sweat,28r9sD2b6FluK7YHjTJ0fl
On My Way,The Baseballs,Game Day,2EfmUwj0MBiyjiXEkrd4Re
Future Looks Good,OneRepublic,Oh My My,2JATE4qxTuVgKEKe12sqLp
Drag Me Down,One Direction,Made In The A.M.,2K87XMYnUMqLcX3zvtAF4G
Raging (feat. Kodaline),Kygo,Cloud Nine,2Vhd5uZB4brKHmM0MNxkZo
Entre Tus Alas,Camila,Dejarte De Amar,2WBivCIGbNwTFgnZFCwqKn
Candy,Plan B,Candy,2YAQa5dl4GWo0GuVliWvdR
Let Me Go (feat. Chad Kroeger),Avril Lavigne,Avril Lavigne (Expanded Edition),2o0V0AATmWmCmMOAFWDuEV
Miss Movin' On,Fifth Harmony,Better Together,348qSa1KejmhpWgCpsfSxb
Love Myself,Hailee Steinfeld,HAIZ,36phXHOKx8rO7CMp2vNX4x
Yellow,Coldplay,Parachutes,3AJwUDP919kvQ9QcozQPxg
End of Time,Beyoncé,4,3FPUFltTjg6ClUL2wr9ux6
18,One Direction,FOUR,3JjnGLK8IxkNLvo8Lb3KOM
Peanut Butter Jelly,Galantis,Pharmacy,3aIhJDHxr1kgTSnutJxPTH
Super Bass,Nicki Minaj,Pink Friday,3hlksXnvbKogFdPbpO9vel
Look At Me Now (feat. Lil' Wayne & Busta Rhymes),Chris Brown,F.A.M.E. (Expanded Edition),3hsmbFKT5Cujb5GQjqEU39
Things I'll Never Say,Avril Lavigne,Let Go,3nH2w4Q9yths31lC9C26fT
Hey Everybody!,5 Seconds of Summer,Sounds Good Feels Good,3ylFvJfARlPKxGWAJv6Bvf
Gone (feat. Ty Dolla $ign),Afrojack,Gone (feat. Ty Dolla $ign),412CkPtLh68KLPg0pLrC53
Heartbeat,Beckah Shae,Champion,42XIYrqdJeYsDDtaTP1sGb
Cheers (Drink To That),Rihanna,Loud,46MDLc0Yip6xCMSsdePOAU
Lay You Down Easy (feat. Sean Paul),MAGIC!,Lay You Down Easy (feat. Sean Paul),4FTOFgpECL4tlu8DljL0XM
Halo,Beyoncé,I AM...SASHA FIERCE,4JehYebiI9JE8sR8MisGVb
X Gon' Give It To Ya,DMX,DMX: The Legacy,4O9ICXbrUTAVR5kkx6xANJ
The Night Is Still Young,Nicki Minaj,The Pinkprint,4bBrKDo8rchikwZOtmXbIH
Sledgehammer,Fifth Harmony,Reflection,4rUTAkOU7OkVGeQuyQCHhF
Home,Phillip Phillips,The World From The Side Of The Moon,4rsW3WCZBGwhHfJWuHRwyT
Work from Home (feat. Ty Dolla $ign),Fifth Harmony,7/27,4tCtwWceOPWzenK2HAIJSb
Bohemian Rhapsody - Remastered 2011,Queen,A Night At The Opera,4u7EnebtmKWzUH433cf5Qv
Stars,Demi Lovato,Confident,4zj5PQ9sDzqmgWL4qr1eHy
Adiemus,Karl Jenkins,Adiemus - Songs Of Sanctuary,54CAG8n70kKVbFV6l1zF4G
Thunderstruck,AC/DC,The Razors Edge,57bgtoPSgt236HzfBOd8kj
Cuando Nos Volvamos a Encontrar (feat. Marc Anthony),Carlos Vives,Más + Corazón Profundo,59hfezbTqi7I68O4OyLfcR
Make You Feel My Love,Adele,19,5FgPwJ7Nh2FVmIXviKl2VF
"Gone, Gone, Gone",Phillip Phillips,The World From The Side Of The Moon,5L79aNYCTKiZq7vaOElXYj
Happily,One Direction,Midnight Memories (Deluxe),5Lf9rCqReE9Ri4tZvLRLuy
Happy Birthday (feat. John Legend),Kygo,Cloud Nine,5SAckbSHhNJ41b3bn5XwPL
Bacon,Nick Jonas,Last Year Was Complicated,5W4vPDfwFNQqt7frRjL41t
Boom!,Simple Plan,Taking One for the Team,5aJS6QDKNQBwXcy0302gdY
7 Years,Lukas Graham,Lukas Graham,5kqIPrATaCc2LqxVWzQGbk
I Don't Wanna Go to Bed (feat. Nelly),Simple Plan,Taking One for the Team,5qa9qaltQNHzQGx4W7gNjW
Choke,OneRepublic,Oh My My,5xtliWYBVT4cKo9BtBn43B
Impossible,James Arthur,James Arthur (Deluxe),5yVIlYEHZxQVLyInCdldoS
Desire - Gryffin Remix,Years & Years,Desire,6JzCO4ZzxAXhY86vTcqM1Q
Call If You Need Me,Galantis,Pharmacy,6TBSEJyK3DvAtR3l0aLeCY
Kamikaze,MØ,Kamikaze,6TjP1C3sGQH1jBfzUXfcMg
Jet Black Heart,5 Seconds of Summer,Sounds Good Feels Good,6U0D8PIh75fnX6T6TWJLxl
Vapor,5 Seconds of Summer,Sounds Good Feels Good,6V6Xoa7CRJJRoe7f9hRdAe
We Know The Way,Opetaia Foa'i,Moana,6YH2r9NyEJTjlRmKOCvxgJ
Summer,Calvin Harris,Motion,6YUTL4dYpB9xZO5qExPf05
I Found A Girl,The Vamps,Wake Up,6YZOPDWjsa6BPOWLge5gKg
A Thousand Years,Christina Perri,A Thousand Years,6lanRgr6wXibZr8KgzXxBl
Half a Heart,One Direction,Midnight Memories (Deluxe),6nIE1oCE4udqMGv3bqVNVb
Like A Champion,Selena Gomez,Stars Dance,6vftvAdsEAAJTGQrUmHnei
No soy una de esas (feat. Alejandro Sanz),Jesse & Joy,No Soy Una De Esas (feat. Alejandro Sanz),7C3l4enZ2M60ZFIWdvgVyh
I Lived,OneRepublic,Native,7D49Iig0avHre9RFSUMkd2
The Feeling,Justin Bieber,Purpose,7E390nZTMqEbrNC1TmHd42
I Lied,Fifth Harmony,7/27,7EvIMAbhkHXcV8rHbOyNzh
Sígueme Y Te Sigo,Daddy Yankee,Sígueme Y Te Sigo,7F7kL3i6SDEIbDcoJZGiig
The Only Exception,Paramore,Brand New Eyes,7JIuqL4ZqkpfGKQhYlrirs
I Know What You Did Last Summer,Shawn Mendes,Handwritten (Revisited),7M9t7BCy51ITF8IMyiemzk
The Hills,The Weeknd,Beauty Behind The Madness,7fBv7CLKzipRk6EC6TWHOB
You,Galantis,Pharmacy,7gUg4GdOA6Y6yRDe36GIjK
"Bad Man (feat. Robin Thicke, Joe Perry & Travis Barker)",Pitbull,"Bad Man (feat. Robin Thicke, Joe Perry & Travis Barker)",7hpPwrcPE3Ah3qSiQYFUTE
Sympathy For The Devil,The Rolling Stones,Beggars Banquet,7lJt7vBDNUO8Mv8uELND1H
The Best Damn Thing,Avril Lavigne,The Best Damn Thing (Expanded Edition),7lmX3dD2Xy13Jo1oCTR4ot
All In My Head (Flex) (feat. Fetty Wap),Fifth Harmony,7/27,7nD9nN3jord9wWcfW3Gkcm
It's a Long Way to the Top (If You Wanna Rock 'N' Roll),AC/DC,High Voltage,7nemcVsXVFZF01iqpIIo2Y
Sweet Child O' Mine,Guns N' Roses,Appetite For Destruction,7o2CTH4ctstm8TNelqjb51
Top Down,Fifth Harmony,Reflection,7p9IBJDHBbUh0vBUOsrW3C
Never Enough,One Direction,Made In The A.M.,7rdP71W8x4UbJ0KAKBACbo
Gyal You A Party Animal,Charly Black,Gyal You A Party Animal,7rj8aNwZqTvrUeLlAyNWtZ
Suéltate,Mando,Suéltate,7uJNNH7qsy4f4ZWcXzRED8
Hall of Fame (feat. will.i.am),The Script,#3 Deluxe Version,7wMq5n8mYSKlQIGECKUgTX
Second Chances,Imagine Dragons,Smoke + Mirrors,7z3AlZQ8NaPpB1Yic5cIDJ
Homemade Dynamite,Lorde,Melodrama,02oAUzv4M0ItuTDy2RT3IT
Guerra,Residente,Residente,04zodNGYYLI7Q7DsFgQAql
Let's Hurt Tonight,OneRepublic,Oh My My,05sCp83gcMm1iecYydKJS3
Glorious (feat. Skylar Grey),Macklemore,GEMINI,0CokSRCu5hZgPxcZBaEzVE
Feel Good (feat. Daya),Gryffin,Feel Good (feat. Daya),0Ev562zA4pmUsBqjxsxxdx
Shape of You,Ed Sheeran,Shape of You,0FE9t6xYkqWXU2ahLh6D8X
Robarte un Beso,Carlos Vives,VIVES,0JcNysfWVWaMS7R6vzGB2k
Good Life (with G-Eazy & Kehlani),G-Eazy,Good Life (with G-Eazy & Kehlani),0Oa9mHOnH14GZ4toWwkf4c
No More Sad Songs (feat. Machine Gun Kelly),Little Mix,Glory Days,0U372D2pbraSnrTFxSYlNj
Please Be Naked,The 1975,"I like it when you sleep, for you are so beautiful yet so unaware of it",0UyfKV5iafZCCtQxRBbe85
Down (feat. Gucci Mane),Fifth Harmony,Fifth Harmony,0XQHz5C8PknyrEhyrKxVKa
Galway Girl,Ed Sheeran,÷,0afhq8XCExXpqazXczTSve
Believer,Imagine Dragons,Evolve,0pqnGHJpmpxLKifKRmU6WP
Higher,The Score,ATLAS,0sJ4NbFdEhgLOtInlbRmFl
Your Number REMIX (feat. Chris Brown & Kid Ink),Ayo Jay,Your Number REMIX (feat. Chris Brown & Kid Ink),0v9w61bEVbIgYbVu0frJag
Solo Dance,Martin Jensen,Solo Dance,10AsRVRdU07cMAFHeGYO3c
Most Girls,Hailee Steinfeld,Most Girls,10GJQkjRJcZhGTLagFOC62
Castle,Halsey,BADLANDS,16w8ZGVSjI4TlTLV8VimBY
Stay - Acoustic,Zedd,Stay,1EXxVBTTTzjgon6hWh3TuD
Young,The Chainsmokers,Memories...Do Not Open,1KeZgPUr54C8iz3FjqzVoz
hell is where i dreamt of u and woke up alone,blackbear,digital druglord,1PcU7Qy3VUgeYaByCThdm9
Ride,Naïka,Ride,1WCsEbnaJ0yKNQCETD2ruC
Glitter & Gold,Barns Courtney,The Dull Drums - EP,1aJtyIMev4kW8IMUxOjn1Y
Shed a Light,Robin Schulz,Shed a Light,1cG0umU5TKStygKsPFZ9pY
Something Just Like This,The Chainsmokers,Something Just Like This,1dNIEtp7AY3oDAKCGg2XkH
How Far I'll Go - Alessia Cara Version,Alessia Cara,Moana,1ehPJRt49h6N0LoryqKZXq
Touch,Little Mix,Glory Days,1gG5MoWK5SmHUcQPa2jxdP
Dirty Paws,Of Monsters and Men,My Head Is An Animal,1hxq7kWQnwdhxgpEugBMGk
Heaven,OneRepublic,Oh My My,1lFHaHvZeLf6XrOqX6iLlS
Here,Alessia Cara,Know-It-All,1wYZZtamWTQAoj8B812uKQ
WILD,Troye Sivan,Blue Neighbourhood,2HWWsTZxnLSUdFZ4gjsP5N
Gasoline,Halsey,BADLANDS,2IO7yf562c1zLzpanal1DT
I'm Yours,Alessia Cara,Know-It-All,2V3VjHLVEOdW33N4ckwEhq
Wild Things,Alessia Cara,Know-It-All,2ZyuwVvV6Z3XJaXIFbspeE
Empire,Of Monsters and Men,Beneath The Skin,2cyVJ8V7rSLiBQNx2NvdB3
This Is My World,Esterly,This Is My World,2dLHezrk5FdSzM8gftvKqh
Wolves Without Teeth,Of Monsters and Men,Beneath The Skin,2mueIraiRiGExPHAS0fkho
Messy,Fifth Harmony,Fifth Harmony,2omoGiB3LnBd1gHzvMUMTy
Nancy Mulligan,Ed Sheeran,÷,35QZaWQRkmnAVqBF1TLCxQ
Barcelona,Ed Sheeran,÷,3Lfiu5sZ4M4B6JaKMBc0FU
Legend,The Score,ATLAS,3SWqGa1J0M7hSBUDM0KePD
Lot to Learn,Luke Christopher,TMRW,3TRFq09DUgYj1mug6RRqJW
Real Gone,Sheryl Crow,Cars,45dGKmN6jw7PgK6Dw2rEp2
Mama,Jonas Blue,Mama,47OVNnZJzIkrsEiZ4n187p
Wherever You Are,5 Seconds of Summer,She Looks So Perfect,4EJ47mizXZd7wupGMxmQwE
Inside Out,The Chainsmokers,Collage EP,4GdYM1hIvRfK8keBF2eQ1a
Power (feat. Stormzy),Little Mix,Glory Days,4QVFtAswXqPoAWRLo5yu8a
No Vacancy,OneRepublic,No Vacancy,4QeoDcR16IHpmmgFGQDrCp
Mi Gente,J Balvin,Mi Gente,4ipnJyDU3Lq15qBAYNqlqK
Red,Taylor Swift,Red,4yBEU0askBZzE2XEVdEwmx
Everyday,Ariana Grande,Dangerous Woman,53SfB4huCgiRGmwzJdEo1u
Milo,Residente,Residente,59Ab8DT1GqIRFbmDsmWMgd
Mama Said,Lukas Graham,Lukas Graham,5ArQzSBevAdXTxRY6Ulhbq
chateau,blackbear,digital druglord,5IdrsGhB8D7RwNwGra9V6i
Too Dry To Cry,Willis Earl Beal,Nobody knows.,5oG9KGz90VbBGNH25BFWYL
It Won't Kill Ya,The Chainsmokers,Memories...Do Not Open,5xhJmd0I15jFcEdqxfCzKk
No me lo puedo explicar,Tiziano Ferro,111 Ciento Once,613zxfbeIzrLQlwWH0DUQu
Miracle,The Score,ATLAS,6A6PDawvZIfnJHW40sBHzz
Without You (feat. Sandro Cavazza),Avicii,AVĪCI,6Pgkp4qUoTmJIPn7ReaGxL
Fragile,Kygo,Cloud Nine,6PyxrogMU9imKqVtKx6840
Whatever It Takes,Imagine Dragons,Evolve,6Qn5zhYkTa37e91HC1D7lb
do re mi,blackbear,digital druglord,6Se3x9ANMLv0dCDsjGmEjh
Life Of The Party,Shawn Mendes,Handwritten,6X9jRxp5WT079qyQC0JEei
Dagombas en Tamale,Residente,Residente,6dABTmyCBksFEW76oTOr5q
More Than You Know,Axwell /\ Ingrosso,More Than You Know,6h5PAsRni4IRlxWr6uDPTP
Love Me Now,John Legend,Love Me Now,6hdkw1wzhIRYPlYDUtCY5m
Green Light,Lorde,Melodrama,6ie2Bw3xLj2JcGowOlcMhb
Me Rehúso,Danny Ocean,54+1,6ifUES3keWjwXgae8pXI3o
Swalla (feat. Nicki Minaj & Ty Dolla $ign),Jason Derulo,Swalla (feat. Nicki Minaj & Ty Dolla $ign),6kex4EBAj0WHXDKZMEJaaF
I Can Only. (feat. Alessia Cara),JoJo,Mad Love.,6khDguAo8XXW1h0u7xofYk
Hurricane,The Vamps,Meet The Vamps,6lgCWoyDrs3oSkaF9aMp9C
Take Me Home,Jess Glynne,I Cry When I Laugh,6oO10y1h2VyxJQfomG4CtH
Stay,Zedd,Stay,6uBhi9gBXWjanegOb2Phh0
idfc,blackbear,deadroses,6y6jbcPG4Yn3Du4moXaenr
Middle Of The Night,The Vamps,Night & Day,74vs7PD7iG2GnWUGnb8Yuq
The Scientist,Coldplay,A Rush of Blood to the Head,75JFxkI2RXiU7L9VXzMkle
Friend Of Mine (feat. Vargas & Lagola),Avicii,AVĪCI,79UX8fkSsowWI1HOd8VoYt
Gold Dust,Galantis,XOXO (Music from the Netflix Original Film),7BVLcml7HybblGN0lRHNwy
There's Nothing Holdin' Me Back,Shawn Mendes,Illuminate,7JJmb5XwzOO8jgpou264Ml
HUMBLE.,Kendrick Lamar,DAMN.,7KXjTSCq5nL1LoYtL7XAwS
Cómo Te Atreves,Morat,Sobre El Amor Y Sus Efectos Secundarios,7M6CFruBrM5x7u0lTMtm6r
Everybody,Logic,Everybody,7cGFbx7MP0H23iHZTZpqMM
Sober,Lorde,Melodrama,7eElVgPcxDqmgGrSwVFI74
Hallelujah,Logic,Everybody,7fRfIvHPH6bHdMDjPFwTMh
Cold (feat. Future),Maroon 5,Red Pill Blues,7gwLQ4tZ5UdZ7qNcDyJ8wr
Now Or Never,Halsey,hopeless fountain kingdom,7i2DJ88J7jQ8K7zqFX2fW8
She Will Be Loved,Maroon 5,Songs About Jane,7sapKrjDij2fpDVj0GxP66
Silence,Marshmello,Silence,7vGuf3Y35N4wmASOKLUVVU
Hands,Mike Perry,Hands,7ydN6k1pLu6GRJsJpFXnYu
Break My Heart,Dua Lipa,Future Nostalgia,017PF4Q3l4DBUiWoXk4OWT
Tantas Cosas Que Contar,La Oreja de Van Gogh,El Viaje de Copperpot,09oZXunRcHWgNc4jYxDeue
River,Bishop Briggs,Bishop Briggs,0TGTE9TEh9qzuFwmtRNICn
Hey Jude - Remastered 2015,The Beatles,1,0aym2LBJBk9DAYuHHutrIl
No Goodbyes,Dua Lipa,Dua Lipa,0mDGNetRxywxqgiXFbagZh
Empire,Shakira,Shakira. (Expanded Edition),0t2cqTppQ4yoEW45LAngxJ
lovely (with Khalid),Billie Eilish,lovely (with Khalid),0u2P5u6lvoDfwTYjAADbn4
You Don't Mess Around With Jim,Jim Croce,Stranger Things (Soundtrack from the Netflix Original Series),1DBwQlPJHqOVqXlckWk1la
The OA - Main Theme,Geek Music,The OA - Main Theme,1IuzzGnF86uDjGKUdGgrbN
Lonely Heart,5 Seconds of Summer,CALM,1MAXdOA4Dtz6eJMz0nEq2H
Falling,Harry Styles,Fine Line,1ZMiCix7XSAbfAJlEZWMCp
Watermelon Sugar,Harry Styles,Watermelon Sugar,1e9oZCCiX42nJl0AcqriVo
Hold My Hand,Jess Glynne,I Cry When I Laugh,1eOJAiCKFuMda0fPRvjcuc
Rollin,Jess Glynne,Always in Between,1k5ncSTvu94qVV13mZ4Xcm
Hallucinate,Dua Lipa,Future Nostalgia,1nYeVF5vIBxMxfPoL0SIWg
Bones (feat. OneRepublic),Galantis,Bones (feat. OneRepublic),1pfgsjmxVZhoZpeDx6POKv
Sucker,Jonas Brothers,Happiness Begins,22vgEDb5hykfaTwLuskFGD
Teeth,5 Seconds of Summer,13 Reasons Why,26wLOs3ZuHJa2Ihhx6QIE6
That's My Girl,Fifth Harmony,7/27,2ACOWPLUe4A4KuQ5ioD2od
La Playa,La Oreja de Van Gogh,El Viaje de Copperpot,2DNyZP4Py6f4zMASLBnIu6
School of Rock: The Musical - Medley,Kurt Hugo Schneider,School of Rock: The Musical,2EbNaCt6Md9rt7AKJTht4Q
Another Place,Bastille,Another Place,2Fn4gZI3MAeWTiv7cSVxZQ
I'm Like A Bird - Recorded at Spotify Studios NYC,Alessia Cara,Spotify Singles,2JtSnwYNKOphDrshYL8n4p
Milionària,ROSALÍA,Fucking Money Man,2K3bjojp1sCLdMMoO5lJ2p
"Clear and Simple (feat. Caroline Shaw, Petra Haden & Susanna Hoffs)",Theodore Shapiro,Bombshell (Original Music from the Motion Picture Soundtrack),2M1nMXFSQsmxyNrkZW4Qjx
Who Do You Love,The Chainsmokers,World War Joy,2fVHrSxsQbJUuj9MW9zG1e
Cool,Dua Lipa,Future Nostalgia,2nMOodYNHBAQ3Kc1QNimZU
Physical,Dua Lipa,Future Nostalgia,3AzjcOeAmA57TIOr9zF1ZW
OKAY OKAY,Alessia Cara,This Summer,3JH1alhYiP4TTEsmDiNVrf
Nice To Meet Ya,Niall Horan,Nice To Meet Ya,3cphb8kdsjElYR7r5icK3H
Get Right,Jennifer Lopez,Rebirth,3jVSV60WZE5jPE2a6KGNFy
Antes de Morirme (feat. ROSALÍA),C. Tangana,Antes de Morirme (feat. ROSALÍA),4Dl8bEzhAEGbcwkQawS1XG
Pop,La Oreja de Van Gogh,El Viaje de Copperpot,4FXSEdmbbeGmPIQltH27C8
ON (Feat. Sia),BTS,MAP OF THE SOUL : 7,4JWbH50WabthGhmtduR8b9
All I Am,Jess Glynne,Always in Between,4KbXLyluZKq3sTHL8XKsRL
Soul - Japanese Bonus Track,Céline Dion,Soul,4LcatYSnxSNA38JEckEmzW
Soledad,La Oreja de Van Gogh,El Viaje de Copperpot,4NLpfB52hwDPLn7bphgjgD
What's On Your Mind?,Alessia Cara,This Summer,4TwDtw8I224dm9FEs4a0Vo
Not Today,Imagine Dragons,Me Before You,4kDTvLhGF29gFsqceuxBSC
Love Again,Dua Lipa,Future Nostalgia,4rPkN1FMzQyFNP9cLUGIIB
Blue Monday,Sebastian Böhm,Blue Monday,4sApKfQ3QZsWGbEHbXAuTX
Not In The Same Way,5 Seconds of Summer,CALM,4vFQ269uWJUjUKoffU0qUn
What A Man Gotta Do,Jonas Brothers,What A Man Gotta Do,4wNIkl5XGiAACjFBlDWuSd
No Regrets (feat. Krewella),KSHMR,No Regrets (feat. Krewella),58hjBuGWj43LQ6WjN3ZQAK
No Shame,5 Seconds of Summer,CALM,5EbidH3lGB30WuDsoR4km6
Single Ladies (Put a Ring on It),Beyoncé,I AM...SASHA FIERCE,5R9a4t5t5O0IsznsrKPVro
En el Aire,Vega Almohalla,En el Aire,5Tmjre46yj0r1lBjS9abe9
Mama Look at Me Now,Galantis,Satisfied (feat. MAX) / Mama Look at Me Now,5UaEBgRvUPFf5CEDhaTdp7
Querer Mejor,Juanes,Querer Mejor,5Yp4UtIwEHfHXEowSan061
Run Away With Me,Carly Rae Jepsen,Emotion,5e0vgBWfwToyphURwynSXa
The Chain - 2004 Remaster,Fleetwood Mac,Rumours,5e9TFTbltYBg2xThimr0rU
Bow Down - Homecoming Live,Beyoncé,HOMECOMING: THE LIVE ALBUM,5yZEkyUXbyFCHzrQTH5Ssw
"Touch The Sky - From ""Brave""/Soundtrack",Julie Fowlis,Brave,5yyqx4brn6Bm9U1Rj9ENnz
Pretty Please,Dua Lipa,Future Nostalgia,6DXZiYUbrYgrVIhfX3U9Z2
Cuando los Pies Besan el Piso,Calle 13,MultiViral,6JYygtu5txyWopPHTAE4Lb
Bibia Be Ye Ye,Ed Sheeran,÷,6SznMYPQJHzr3IwsAHLId2
Mucho Más Allá,Carmen Sarahi,Frozen 2,6UWaMec3jc3ESl5hfSaejU
Formation,Beyoncé,Lemonade,6g0Orsxv6glTJCt4cHsRsQ
René,Residente,René,6gm12xlADJwiBbHIKBXzGW
Wildflower,5 Seconds of Summer,CALM,6qlcjGJPTZEwR8nf2nSe9C
Woman Like Me (feat. Nicki Minaj),Little Mix,Woman Like Me (feat. Nicki Minaj),6rrTr2HEAzlpC4KWZxF3S1
Good In Bed,Dua Lipa,Future Nostalgia,6uAFJ75WDAoAPyCWJAtvks
"Gato Que Avanza, Perro Que Ladra",Calle 13,MultiViral,6uV5xO8FBA3bzQTvsULzPc
Future Nostalgia,Dua Lipa,Future Nostalgia,6zrJLhslleCHby0wbUnvVy
Body Talks (feat. Kesha),The Struts,YOUNG&DANGEROUS,71hhuJLNpxBQLSbbQ6ZWr4
October,Alessia Cara,This Summer,736B63TZx939yQZUXl7TMa
Ready,Alessia Cara,This Summer,74nReXHbAko0DLmBniJest
Así de Grandes Son las Ideas,Calle 13,MultiViral,7HGb3j0nP1NnmaF9dsA2cR
La Rubia - Remix 2,La Nueva Escuela,La Rubia,7KKTnv81z6DmfPIGsZWjOW
Singing in the Rain (feat. R. City),Simple Plan,Taking One for the Team,7e2y3akt1MG3d5JXAeR9S2
Cuídate,La Oreja de Van Gogh,El Viaje de Copperpot,7gqIqyeCaV2xNtfZWxEphD
London Bridge,Fergie,The Dutchess,7jRoWfRlLnGYEIEn4t4kbq
Viento y Cielo Alcanzar,Yuridia,Valiente,7xP1PzRNG24qpTWdtin1Gb
Los Idiotas,Calle 13,MultiViral,09JGXbYR8MXjg6byTnltfr
Every Breath You Take,The Police,Stranger Things (Soundtrack from the Netflix Original Series),0SNGe4xksgp7CGnY5kMXOJ
Comfortable,Alessia Cara,The Pains Of Growing,0YBChynpAc8Sji0I067rzT
One Foot,WALK THE MOON,What If Nothing,0iQ77tSa7ncj7zBPtVx6cU
How Can I Forget,MKTO,How Can I Forget,0ibG3XCJ32Qq9maUY4AViR
"Earned It (Fifty Shades Of Grey) - From The ""Fifty Shades Of Grey"" Soundtrack",The Weeknd,Fifty Shades Of Grey,11JqS3TUvbDQt4W9Lji8Ml
Happy Now,Kygo,Happy Now,14sOS5L36385FJ3OL8hew4
Easier Said,Alessia Cara,The Pains Of Growing,1CThXRPjFSZZuKDjFtUusq
Regrésame Mi Corazón,Carlos Rivera,Guerra,1NTypzYioS7MHVnIR4d7Uy
Dangerous Woman,Ariana Grande,Dangerous Woman,1OhstguCoBQ4SXT8ugSmOl
La vie en rose - Single Version,Louis Armstrong,The Best Of The Decca Years Volume One: The Singer,1UH4viviUjZnS9aWgPGrk0
Bad Dream,Ruelle,Madness,1XO1QUeaqLjEtoA2zcHz9m
Oye 2014 (feat. Pitbull),Santana,Corazón (Deluxe Version),1ikAhgGMnTl9d3iM6u3W3C
Fly With Me,Jonas Brothers,"Lines, Vines and Trying Times",1uCnwV9ABsYkNJmrpQOR1H
Polaroid,Jonas Blue,Polaroid,1wsLHgXJ4SKIfd5ePSX1hD
Magic,Coldplay,Ghost Stories,23khhseCLQqVMCIT1WMAns
In Love With A Camera,The Struts,YOUNG&DANGEROUS,2CEjWJ4lPiodKXXS2bhVyP
I Don't Want To,Alessia Cara,The Pains Of Growing,2DePNQmfS4t6iUETRU72uH
Icky Thump,The White Stripes,Icky Thump,2LMq1O0NiqGhPOlXo3McYQ
Keep Me Crazy,Sheppard,Watching The Sky,2LbJeXxDsWwu3rIz4wdIcK
Nintendo Game,Alessia Cara,The Pains Of Growing,2LwodLGnuRGcqZA14BgeMZ
Be Mean,DNCE,DNCE,2T2tqZzWlZo92Xdxluu887
Old Town Road - Remix,Lil Nas X,7 EP,2YpeDb67231RjR0MgVLzsG
Happier,Marshmello,Happier,2dpaYNEQHiRxtZbfNsse99
My Kind,Alessia Cara,The Pains Of Growing,2extUHGb7pATAetKTWP0yH
Want You Back,5 Seconds of Summer,Youngblood,2vHfabj6nFebekTYODqntl
SOS (feat. Aloe Blacc),Avicii,TIM,2x0RZdkZcD8QRI53XT4GI5
Duro y Suave,Leslie Grace,Duro y Suave,31M5m42C3EGlbydf9XB5to
Lights On,Shawn Mendes,Illuminate,348cSuo1eooBe21AzdjAqy
I Don't Care (with Justin Bieber),Ed Sheeran,I Don't Care (with Justin Bieber),3HVWdVOQ0ZA45FuZGSfvns
Could Have Been Me,The Struts,Everybody Wants,3IyCL4Em1GOpNGDf451Hg1
Alibi,Bradley Cooper,A Star Is Born Soundtrack,3VQN13uMyi3dGpyIyUhG3X
Primadonna Like Me,The Struts,YOUNG&DANGEROUS,3YFaqvSgFBxiJA2xrc70yq
What Makes A Good Man?,The Heavy,The Glorious Dead,3nGWzFBJ5tMzHWAgs16fK6
Rise,Jonas Blue,Rise,3u1S1OmAUhx5DRlLrXqyp3
Vaina Loca,Ozuna,Aura,48zFZh27QU5qsrBjn4C2FA
Black Eyes,Bradley Cooper,A Star Is Born Soundtrack,4HUqrGAZ5f0gHRor7z9BFc
This Feeling,The Chainsmokers,Sick Boy,4NBTZtAt1F13VvlSKe6KTl
Give Love a Try,Jonas Brothers,Disney's Top Ten,4WdMbrmzcc2QFKSTQxlK9q
Con Todos Menos Conmigo,Timbiriche,Timbiriche 7,4d7N2lqEJMbQwVy1LCqhXv
Woke Up Late (feat. Hailee Steinfeld),Drax Project,Drax Project,4oPWkP9zQ5ANBbfdHGOvKF
I'll Be There,Jess Glynne,Always in Between,4r1CoAATVuxag55Ct3Y1aX
Like I Love You,Lost Frequencies,Like I Love You,4sh506lJZac1T4o4NqtIuS
South of the Border (feat. Camila Cabello & Cardi B),Ed Sheeran,No.6 Collaborations Project,4vUmTMuQqjdnvlZmAH61Qk
Youngblood,5 Seconds of Summer,Youngblood,55S2PQgSMYAhgoTCcGCDfw
Thursday,Jess Glynne,Always in Between,57zF9nlPH4rud6f6zuKSQi
Growing Pains (Reprise),Alessia Cara,The Pains Of Growing,5DSEsH11oe6IyStmZ8o0NT
Free Bird,Lynyrd Skynyrd,Pronounced' Leh-'Nerd 'Skin-'Nerd,5EWPGh7jbTNO2wakv8LjUI
"Let Me Go (with Alesso, Florida Georgia Line & watt)",Hailee Steinfeld,"Let Me Go (with Alesso, Florida Georgia Line & watt)",5Gu0PDLN4YJeW75PpBSg9p
Partition,Beyoncé,BEYONCÉ [Platinum Edition],5hgnY0mVcVetszbb85qeDg
Tune Maari Entriyaan,Sohail Sen,Gunday,5kg1GacbhgQfLcbgOBRO9c
Ruin My Life,Zara Larsson,Ruin My Life,5tAa8Uaqr4VvA3693mbIhU
What's Up Danger (with Black Caviar),Blackway,Spider-Man: Into the Spider-Verse,5zsHmE2gO3RefVsPyw2e3T
"Feel It (feat. Lloyd, Rich Homie Quan)",Jacquees,19 - EP,60A9cgTlUXxO7c2ucnen1x
Some Nights,fun.,Some Nights,67WTwafOMgegV6ABnBQxcE
All We Know,Alessia Cara,The Pains Of Growing,6Dw696uOB5aKDyLzUJREBr
If I Can't Have You,Shawn Mendes,If I Can't Have You,6LsAAHotRLMOHfCsSfYCsz
Afterlife,Hailee Steinfeld,Afterlife (Dickinson),6PFyGdWw0qnstR8KJAWrrr
Freedom,Pharrell Williams,Freedom,6RB9YvNyP0RZfCUcMtZELH
Sangria Wine,Pharrell Williams,Sangria Wine,6XlSyYFTU1nodeWwwzVgTV
Pasos de cero,Pablo Alborán,Terral,6jfqLf0ZN12naHj7GCv966
Do My Thang,Miley Cyrus,Bangerz (Deluxe Version),6n2GPvMJtFZ4ckoc9EWHMx
7 Days,Alessia Cara,The Pains Of Growing,6qVwzCWDC6Kiatl7v2it7D
Put Your Money On Me,The Struts,Everybody Wants,76AwsOtk3SePQ8h9kB2pmW
Lost In Japan,Shawn Mendes,Shawn Mendes,79esEXlqqmq0GPz0xQSZTV
Zeus,Destripando la Historia,Zeus,7Aw2LJgquEqPGjIUjxGusy
Walk Me Home,P!nk,Walk Me Home,7DHApOHsIFo7EyfieArYGE
"La Vie En Rose - From ""How I Met Your Mother: Season 9""",Cristin Milioti,How I Met Your Music: Deluxe,7FMudQFEInauBuk4OP1yhT
Ready to Run,One Direction,FOUR,7GtGeeChOx4NS77bqK8SUx
Mayores,Becky G,Mayores,7JNh1cfm0eXjqFVOzKLyau
Game of Survival,Ruelle,Madness,7jJTRLLwHQsHtBBYCCmqQR
Kiss and Make Up,Dua Lipa,Dua Lipa,7jr3iPu4O4bTCVwLMbdU2i
Cool,Jonas Brothers,Happiness Begins,7yfi8B8opXjnRh4VZnOkz9
Growing Pains,Alessia Cara,Growing Pains,003eoIwxETJujVWmNFMoZy
Sk8er Boi,Avril Lavigne,Let Go,00Mb3DuaIH1kjrwOku9CGU
I'll Be There,Jess Glynne,I'll Be There,083Qf6hn6sFL6xiOHlZUyn
The Middle,Zedd,The Middle,09IStsImFySgyp0pIQdqAc
Hércules,Destripando la Historia,"Destripando la Historia, Vol. 1",0Y9F0Qh1MFQBmiAGrq7U1N
Stone,Alessia Cara,Know-It-All,0b3qOB5v3kqL1obw0hrfFo
Side Effects,The Chainsmokers,Sick Boy,0bGLvHd0ApdT4t0shCfpzG
Eastside (with Halsey & Khalid),benny blanco,Eastside (with Halsey & Khalid),0d2iYfpKoM0QCKvcLCkBao
Drunken Hearts,Wallpaper.,Ricky Reed Is Real,0fFSWYIBVssa1asI2jfqS5
Vivaldi: Winter From The Four Seasons 1. Allegro Non Molto,Silverwood Quartet,To Drive The Cold Winter Away,0hLbjFiF7zmGuZJrpLOJ7F
Desencuentro (feat. Soko),Residente,Residente,0kc4G5tEdtmTB0w3gYmb01
La Mujer Perfecta,KURT,La Mujer Perfecta,0mAGeks6ns4FZWBPkjD9HR
Just My Type,The Vamps,Night & Day,0q2e5jdjxFaaYRf49b1vLj
Digital Love (feat. Hailee Steinfeld),Digital Farm Animals,Digital Love (feat. Hailee Steinfeld),0qwa6Mm9oZWLhGitD2Jfnq
Do Like That,Korede Bello,Do like That,0z0qRN3HNUCOG9y1R7umuD
Freaky Friday (feat. Chris Brown),Lil Dicky,Freaky Friday (feat. Chris Brown),10Igtw8bSDyyFs7KIsKngZ
Say Something (feat. Chris Stapleton),Justin Timberlake,Man of the Woods,1LhMopPAallLeaeNutqbgS
Up (feat. Demi Lovato),Olly Murs,Never Been Better,1RidHM9BC4M8DpfSQ6YLJh
Tell Her You Love Her,Echosmith,Talking Dreams,1vZSnCXJtFGaCOfCWyXn0z
8 Vasos Al Día,Casi Creativo,Casi Creativo La Música,20Y1dpJbos1Bc7Nd4KiGpK
Body,Loud Luxury,Body,21RzyxY3EFaxVy6K4RqaU9
Love on Me,Galantis,Love on Me,2MHCiOohBZEQuLgDTPvSzF
Que te vaya bonito,Luis Miguel,¡MÉXICO Por Siempre!,2gxMq6bgexQ0H4kVNdYrP1
Youngblood,5 Seconds of Summer,Youngblood,2iUXsYOEPhVqEBwsqP70rE
Gorilla,Bruno Mars,Unorthodox Jukebox,2ih2U8ttFzCjnQ5njF3SrR
Wanna Be Startin' Somethin',Michael Jackson,Thriller 25 Super Deluxe Edition,2kulOHR2XY6YDZCWXb38hn
You Can't Hold Me Down,Mogli the Iceburg,You Can't Hold Me Down,2sYGOGehQqfTmof3kWfriB
Un Beso de Desayuno,Calle 13,Residente o Visitante,2uNfmuLRxi7974xmzdE9NL
Serenata huasteca,Luis Miguel,¡MÉXICO Por Siempre!,2y3C3tWoNictZWuOuUtDuO
Next To Me,Imagine Dragons,Evolve,31VOknKjFrEX47bZXzqcoF
Candy Paint,Post Malone,beerbongs & bentleys,32lItqlMi4LBhb4k0BaSaC
Wake Me up When September Ends,Green Day,American Idiot,3479kk78dx3GFt048Udq54
Let Me Love You (Until You Learn To Love Yourself) (Glee Cast Version),Glee Cast,Glee Love Songs,3BP8hJTYC4PoL8TNTBtnbV
Nothing to Regret,Robinson,Nothing to Regret,3C2xQqHVkhA1Ht17SzPRke
Mobile,Avril Lavigne,Let Go,3D3B7vahQasg8rdAYrEbNT
Qué bonita es mi tierra,Luis Miguel,¡MÉXICO Por Siempre!,3Evfk0c7TBJY8TSDORcj24
I'll Supply the Love,TOTO,Toto,3kETGXBpOCSESrSOEf6P84
Body on Me (feat. Chris Brown),Rita Ora,Body on Me (feat. Chris Brown),3qRHCvn70YpVFFkx3lrAYf
Psycho (feat. Ty Dolla $ign),Post Malone,beerbongs & bentleys,3swc6WTsr7rl9DqQKQA55C
Better Man,5 Seconds of Summer,Youngblood,40rMvmTT9RX4KB0JzMNYZO
Heaven In Our Headlights,Hedley,Wild Life,468oGE6AlJILlhe7ZiOpzf
Coming Back For You,Maroon 5,V,4J1moeUmaCFMfHNyCeUpkN
Tie Me Down (with Elley Duhé),Gryffin,Tie Me Down (with Elley Duhé),4QVS8YCpK71R4FsxSMCjhP
I Just Can't,R3HAB,I Just Can't,4Ux0Y0eQYv4HJPvuxioosx
Sober Up (Feat. Rivers Cuomo),AJR,The Click,4WKd0BlNk5TmZ5UZelNfRp
Maps,Maroon 5,V,4gbVRS8gloEluzf0GzDOFc
Happy Now,Zedd,Happy Now,4keoy2fqgwGnbWlm3ZVZFa
No Air (feat. Chris Brown) - Acoustic Version,Jordin Sparks,Pure... Acoustic,4oElMo1UEpdwVqtGFJBh8F
High On Life (feat. Bonn),Martin Garrix,High On Life (feat. Bonn),4ut5G4rgB1ClpMTMfjoIuy
Satisfied (feat. MAX),Galantis,Satisfied (feat. MAX) / Mama Look at Me Now,57QXXEBy5apjgxsyXSb8YE
We Don't Care,Sigala,We Don't Care,59D6pNWyn8UXPpos5fbAqm
My Heart Is Open,Maroon 5,V,5AnZXEB5IVhU57cJdOtJeX
"These Days (feat. Jess Glynne, Macklemore & Dan Caplen)",Rudimental,"These Days (feat. Jess Glynne, Macklemore & Dan Caplen)",5CLGzJsGqhCEECcpnFQA8x
I Like The Way,Tyron Hapi,I Like The Way,67BEhVyQPe661gMYUyEhLw
I Got U,Duke Dumont,EP1,69gQgkobVW8bWjoCjBYQUd
OTW,Khalid,OTW,6Hgh47WXVKtXN5zGOu0hjI
Supercut,Lorde,Melodrama,6K8VQ84MqhsoakN5MjrnVR
Liability,Lorde,Melodrama,6Kkt27YmFyIFrcX3QXFi2o
Polaroid,Imagine Dragons,Smoke + Mirrors,6OfLMbsJdF8QHvypAHcbVY
Babylon,5 Seconds of Summer,Youngblood,6PUYqQtGWVAovZrLC9BIqt
Safe And Sound,Capital Cities,In A Tidal Wave Of Mystery,6Z8R6UsFuGXGtiIxiD8ISb
No vaya a ser,Pablo Alborán,Prometo,6ZZOdrcqRZzTCwGlsy00SU
The Last Of The Real Ones,Fall Out Boy,MANIA,6e13443Ve7RGcAUScTgYtl
Con te partirò,Andrea Bocelli,Romanza,6gFkE7q5wafBQl9lJIAjaF
Pray For Me,The Weeknd,The Highlights,6huNf4dutXRjJyGn7f5BPS
REMEDY,Alesso,REMEDY,6jreFSOTUAViWjKyzOC4Kg
Faster,Matt Nathanson,Modern Love,6plKFdrBnKF0y3CRuceTDh
El Aguante,Calle 13,MultiViral,7AIVTgrRcdUW8QBsqNQ33z
El Triste - Sinfónico,José José,Sinfónico,7fCpijE5xdqRjvyEv8tx6E
Burning Love,Elvis Presley,Elvis (Fool),7zMUCLm1TN9o9JlLISztxO
Caperucita Roja,Destripando la Historia,Destripando la Historia,7zRQtFIEOprcT5CajvTqA4
